max_depth,min_samples_leaf,class_weight,cv_pr_auc_mean,cv_pr_auc_std,fit_seconds_total
5,1,none,0.4946731926649253,0.008631887172852676,7.6532895999953325
5,1,balanced,0.40674883611335694,0.010469414730761047,6.871896199998446
5,50,none,0.49329417260063274,0.009994591198505001,7.07520569999906
5,50,balanced,0.4079961836238993,0.011224923679436638,8.263034599993262
5,200,none,0.48804002796142426,0.012126662811863751,7.5387768000036885
5,200,balanced,0.4057977071535713,0.011037113571638028,7.906138700000156
8,1,none,0.5441921439533361,0.011063329137475923,14.470572999998694
8,1,balanced,0.48094103449529546,0.00933687440940788,14.912732000000688
8,50,none,0.560760667498337,0.010907573377377409,13.625420699998358
8,50,balanced,0.4969934044535987,0.01747784910266571,14.536951399997633
8,200,none,0.5573919200192747,0.010991075305722785,11.45044609999968
8,200,balanced,0.4955643002398359,0.01974056922141635,13.99821239999801
11,1,none,0.5129190992397096,0.008441274958872123,24.203780999996525
11,1,balanced,0.49036687948983115,0.012429610678565064,21.69230260000404
11,50,none,0.5785506222063234,0.007407320152520194,18.78833289999966
11,50,balanced,0.5405860775467859,0.015852005052615963,15.160355700001674
11,200,none,0.5733264259484289,0.009946383857133647,18.34263970000029
11,200,balanced,0.5402977921129913,0.01510398668986592,19.88343719999466
14,1,none,0.45615548296264397,0.008722612805500938,52.09464089999892
14,1,balanced,0.457706677755456,0.007622896203888513,44.66159539999717
14,50,none,0.5801295011109009,0.008503595417353634,28.516643500006467
14,50,balanced,0.5523606119812736,0.011887488105775145,29.788681400001224
14,200,none,0.5751432351510279,0.009862295915267785,21.53130450000026
14,200,balanced,0.55018926384698,0.012808292193496136,21.499240600005578
