"max_depth","min_samples_leaf","class_weight","cv_pr_auc_mean","cv_pr_auc_std","fit_seconds_total"
5,1,"none",0.494883628990802,0.00836036763991516,4.42
8,1,"none",0.546303324931493,0.0107490337256992,5.89
11,1,"none",0.518108550504216,0.00909425439502174,7.95
14,1,"none",0.46434227378644,0.00854089468954045,10.1
5,50,"none",0.493689065394007,0.00956436709465734,4.12999999999999
8,50,"none",0.561299795126296,0.0108679576528852,6.03
11,50,"none",0.57958486260767,0.00706242781012338,7.58000000000001
14,50,"none",0.580700050850008,0.0080591532546973,9.60999999999999
5,200,"none",0.48810665085982,0.0119967919168047,5.11999999999999
8,200,"none",0.557405221004031,0.0109561134523187,6.13000000000001
11,200,"none",0.573421990850659,0.00984532713461481,7.66
14,200,"none",0.575272247871389,0.00978137228366875,8.69999999999999
5,1,"balanced",0.406762435198104,0.0104769722050467,4.76000000000001
8,1,"balanced",0.481518069746887,0.00892692051411082,6.18000000000001
11,1,"balanced",0.495823711643448,0.0119635849932726,8.27000000000001
14,1,"balanced",0.472548933230871,0.00810783362047064,9.90000000000001
5,50,"balanced",0.407994244810974,0.0112321288524667,4.81000000000003
8,50,"balanced",0.496972756205008,0.0174992649306576,6.78999999999996
11,50,"balanced",0.541422772059634,0.0150880049388784,8.39999999999998
14,50,"balanced",0.552360469531501,0.0115964038670317,9.77000000000001
5,200,"balanced",0.405799439234485,0.0110392265345564,4.51999999999995
8,200,"balanced",0.495605481427661,0.0197717685257775,6.76000000000002
11,200,"balanced",0.540461436114253,0.0150793368290394,7.71000000000001
14,200,"balanced",0.55023530259785,0.012869827458002,8.25
