"feature","importance"
"detailed_occupation_recode",0.371397977348812
"capital_gains",0.172373871740079
"education",0.0894161338648594
"dividends_from_stocks",0.0745885506556007
"detailed_industry_recode",0.0662122000700496
"age",0.0644760451782969
"sex",0.0625201176586979
"capital_losses",0.0221927822131714
"weeks_worked_in_year",0.0171536586674149
"num_persons_worked_for_employer",0.0159002354640139
"tax_filer_status",0.0111970821261146
"detailed_household_and_family_status",0.00759358712272474
"marital_status",0.00641881956781052
"country_of_birth_father",0.00579324642052148
"class_of_worker",0.00373946318553771
"country_of_birth_mother",0.00323905245496698
"full_or_part_time_employment_status",0.00169771518702704
"country_of_birth_self",0.000894409763008344
"major_industry_code",0.000889771811914706
"own_business_or_self_employed",0.000606097914845187
"state_of_previous_residence",0.000535339526577568
"migration_code_change_in_region",0.000434197383575005
"migration_code_move_within_region",0.000318720928327781
"live_in_this_house_1_year_ago",0.00017959616127641
"migration_code_change_in_msa",0.000116147503282135
"wage_per_hour",8.05721863330189e-05
"fill_inc_questionnaire_for_veterans_admin",1.4483919404804e-05
"major_occupation_code",1.09058543064676e-05
"race",8.06729462993215e-06
"enroll_in_edu_inst_last_wk",1.15082682062193e-06
