feature,importance
capital_gains,0.27307192594572843
dividends_from_stocks,0.1550441221513458
weeks_worked_in_year,0.13360038461557144
major_occupation_code,0.105005276557159
sex,0.08240883298750028
education,0.06125725297494458
age,0.049283353599304226
capital_losses,0.03451916189266264
detailed_occupation_recode,0.03416862810204298
num_persons_worked_for_employer,0.02605027054462361
tax_filer_status,0.012703447282219909
class_of_worker,0.006414262830059518
major_industry_code,0.006000280555518751
marital_status,0.0059699772561261815
detailed_industry_recode,0.0037841075406986817
wage_per_hour,0.0021436408785136013
detailed_household_and_family_status,0.0020303725994270565
full_or_part_time_employment_status,0.0016401891031334573
own_business_or_self_employed,0.001120141415659141
detailed_household_summary,0.001055092283543241
race,0.0006574657855423347
migration_code_change_in_region,0.0004314637152349928
country_of_birth_self,0.0002967303764709195
country_of_birth_mother,0.00023429878494646086
migration_previous_residence_in_sunbelt,0.00022666266274851154
member_of_labor_union,0.00020800835451204467
year,0.00019357681435299283
country_of_birth_father,0.00010560504452576154
live_in_this_house_1_year_ago,9.075947860688046e-05
enroll_in_edu_inst_last_wk,8.158738593789428e-05
veterans_benefits,7.841638108600049e-05
migration_code_change_in_msa,6.76496856196616e-05
hispanic_origin,2.210038237593521e-05
migration_code_move_within_region,1.7341948132861843e-05
fill_inc_questionnaire_for_veterans_admin,1.0099804359282476e-05
reason_for_unemployment,7.512279764929573e-06
citizenship,0.0
family_members_under_18,0.0
state_of_previous_residence,0.0
region_of_previous_residence,0.0
